{"cameraMode":{"drawMode":0,"name":"Shaded","section":"Shading Mode"},"sceneLighting":true,"audioPlay":false,"sceneViewState":{"m_AlwaysRefresh":false,"showFog":true,"showSkybox":true,"showFlares":true,"showImageEffects":true,"showParticleSystems":true,"showVisualEffectGraphs":true,"m_FxEnabled":true},"in2DMode":false,"pivot":{"x":35.09832000732422,"y":-16.554603576660158,"z":28.800491333007814},"rotation":{"x":-0.19764438271522523,"y":-0.6519539952278137,"z":0.18170446157455445,"w":-0.7091478705406189},"size":29.242658615112306,"orthographic":false}